{"cameraMode":{"drawMode":0,"name":"Shaded","section":"Shading Mode"},"sceneLighting":false,"audioPlay":false,"sceneViewState":{"m_AlwaysRefresh":false,"showFog":true,"showSkybox":false,"showFlares":true,"showImageEffects":true,"showParticleSystems":true,"showVisualEffectGraphs":true,"m_FxEnabled":true},"in2DMode":false,"pivot":{"x":-0.35075685381889346,"y":2.4864954948425295,"z":-0.5867979526519775},"rotation":{"x":0.1769639551639557,"y":0.005909699015319347,"z":-0.001049657235853374,"w":0.984224259853363},"size":1.7111438512802125,"orthographic":false}